{"Loss": 0.24981414526700974, "_runtime": 39, "_timestamp": 1635345226, "_step": 399, "Val Loss": 0.2572247087955475, "Acc": 71.15, "Val ACC": 98.4, "_wandb": {"runtime": 37}}